name,gender,age,time
Alice,F,25,2024-01-01 08:15:00
Bob,M,32,2024-01-01 09:30:00
Carol,F,29,2024-01-01 11:45:00
David,M,41,2024-01-01 14:10:00
Eve,F,35,2024-01-01 16:55:00
Alice,F,26,2024-01-02 08:20:00
Bob,M,33,2024-01-02 09:35:00
Carol,F,30,2024-01-02 11:50:00
David,M,42,2024-01-02 14:15:00
Eve,F,36,2024-01-02 17:00:00
Alice,F,27,2024-01-03 08:10:00
Bob,M,34,2024-01-03 09:25:00
Carol,F,31,2024-01-03 11:40:00
David,M,43,2024-01-03 14:05:00
Eve,F,37,2024-01-03 16:50:00
Alice,F,28,2024-01-04 08:18:00
Bob,M,35,2024-01-04 09:32:00
Carol,F,32,2024-01-04 11:48:00
David,M,44,2024-01-04 14:12:00
Eve,F,38,2024-01-04 16:58:00
Alice,F,29,2024-01-05 08:22:00
Bob,M,36,2024-01-05 09:37:00
Carol,F,33,2024-01-05 11:53:00
David,M,45,2024-01-05 14:18:00
Eve,F,39,2024-01-05 17:05:00
